{"cameraMode":{"drawMode":0,"name":"Shaded","section":"Shading Mode"},"sceneLighting":false,"audioPlay":false,"sceneViewState":{"showFog":true,"showMaterialUpdate":false,"showSkybox":false,"showFlares":true,"showImageEffects":true,"showParticleSystems":true},"in2DMode":false,"pivot":{"x":4.608375549316406,"y":1.721356987953186,"z":-1.1920928955078126e-7},"rotation":{"x":0.25366511940956118,"y":-0.015957843512296678,"z":0.004189539700746536,"w":0.9671638607978821},"size":7.249472618103027,"orthographic":true}