{"cameraMode":{"drawMode":0,"name":"Shaded","section":"Shading Mode"},"sceneLighting":true,"audioPlay":false,"sceneViewState":{"showFog":true,"showMaterialUpdate":false,"showSkybox":true,"showFlares":true,"showImageEffects":true,"showParticleSystems":true},"in2DMode":false,"pivot":{"x":-0.8072930574417114,"y":1.2328081130981446,"z":-0.9458036422729492},"rotation":{"x":-0.3274909257888794,"y":-0.07726992666721344,"z":0.026882998645305635,"w":-0.941314160823822},"size":5.935513973236084,"orthographic":false}