{"cameraMode":{"drawMode":0,"name":"Shaded","section":"Shading Mode"},"sceneLighting":false,"audioPlay":false,"sceneViewState":{"showFog":true,"showMaterialUpdate":false,"showSkybox":false,"showFlares":true,"showImageEffects":true,"showParticleSystems":true},"in2DMode":false,"pivot":{"x":-11.130000114440918,"y":7.690000057220459,"z":0.4000000059604645},"rotation":{"x":0.1671484261751175,"y":-0.6605628728866577,"z":0.15432070195674897,"w":0.7154940962791443},"size":1.3200000524520875,"orthographic":true}