{"cameraMode":{"drawMode":0,"name":"Shaded","section":"Shading Mode"},"sceneLighting":false,"audioPlay":false,"sceneViewState":{"showFog":true,"showMaterialUpdate":false,"showSkybox":false,"showFlares":true,"showImageEffects":true,"showParticleSystems":true},"in2DMode":false,"pivot":{"x":3.201200008392334,"y":2.748544454574585,"z":-1.4305115314527939e-7},"rotation":{"x":0.12406148016452789,"y":0.04314906895160675,"z":-0.005400717258453369,"w":0.9913235902786255},"size":7.629573345184326,"orthographic":true}