{"cameraMode":{"drawMode":0,"name":"Shaded","section":"Shading Mode"},"sceneLighting":false,"audioPlay":false,"sceneViewState":{"showFog":true,"showMaterialUpdate":false,"showSkybox":false,"showFlares":true,"showImageEffects":true,"showParticleSystems":true},"in2DMode":false,"pivot":{"x":-0.3263537883758545,"y":1.4344640970230103,"z":-5.960464477539063e-8},"rotation":{"x":0.25366511940956118,"y":-0.015957843512296678,"z":0.004189539700746536,"w":0.9671638607978821},"size":6.041226863861084,"orthographic":true}