{"cameraMode":{"drawMode":0,"name":"Shaded","section":"Shading Mode"},"sceneLighting":false,"audioPlay":false,"sceneViewState":{"showFog":true,"showMaterialUpdate":false,"showSkybox":false,"showFlares":true,"showImageEffects":true,"showParticleSystems":true},"in2DMode":false,"pivot":{"x":3.4031283855438234,"y":0.5380859375,"z":-0.03942931815981865},"rotation":{"x":0.6342157125473023,"y":-0.003250677837058902,"z":0.002665728097781539,"w":0.7731459736824036},"size":7.558759689331055,"orthographic":true}