{"cameraMode":{"drawMode":0,"name":"Shaded","section":"Shading Mode"},"sceneLighting":false,"audioPlay":false,"sceneViewState":{"showFog":true,"showMaterialUpdate":false,"showSkybox":false,"showFlares":true,"showImageEffects":true,"showParticleSystems":true},"in2DMode":false,"pivot":{"x":-0.1432856023311615,"y":1.6268527507781983,"z":-5.960464477539063e-8},"rotation":{"x":-0.08231562376022339,"y":0.26518920063972475,"z":-0.02272975631058216,"w":-0.9604130983352661},"size":7.236321449279785,"orthographic":false}